Ticker,Company,Sector,Industry,Country,Price,Market Cap (billions)
A,Agilent Technologies Inc,Healthcare,Diagnostics & Research,USA,134.49,39.16
AA,Alcoa Corp,Basic Materials,Aluminum,USA,47.22,11.94
AAON,AAON Inc,Industrials,Building Products & Equipment,USA,137.59,11.34
AAPL,Apple Inc,Technology,Consumer Electronics,USA,232.87,3540.82
ABBV,Abbvie Inc,Healthcare,Drug Manufacturers - General,USA,177.06,322.4
ABNB,Airbnb Inc,Consumer Cyclical,Travel Services,USA,140.93,92.08
ABT,Abbott Laboratories,Healthcare,Medical Devices,USA,118.13,205.76
ACI,Albertsons Companies Inc,Consumer Defensive,Grocery Stores,USA,19.38,11.41
ACM,AECOM,Industrials,Engineering & Construction,USA,116.89,16
ADBE,Adobe Inc,Technology,Software - Infrastructure,USA,518.73,231.84
ADI,Analog Devices Inc,Technology,Semiconductors,USA,223.58,111.33
ADM,Archer Daniels Midland Co,Consumer Defensive,Farm Products,USA,53.01,25.34
ADP,Automatic Data Processing Inc,Technology,Software - Application,USA,304.67,124.37
ADSK,Autodesk Inc,Technology,Software - Application,USA,319.39,69.94
AEE,Ameren Corp,Utilities,Utilities - Regulated Electric,USA,93.53,24.92
AEP,American Electric Power Company Inc,Utilities,Utilities - Regulated Electric,USA,98.1,51.98
AFG,American Financial Group Inc,Financial,Insurance - Property & Casualty,USA,149.08,12.75
AFL,Aflac Inc,Financial,Insurance - Life,USA,113.2,63.26
AFRM,Affirm Holdings Inc,Technology,Software - Infrastructure,USA,69.35,22.05
AGR,Avangrid Inc,Utilities,Utilities - Regulated Electric,USA,36.15,13.93
AIG,American International Group Inc,Financial,Insurance - Diversified,USA,75.95,47.43
AIT,Applied Industrial Technologies Inc,Industrials,Industrial Distribution,USA,278.55,11.02
AIZ,Assurant Inc,Financial,Insurance - Property & Casualty,USA,227.44,11.71
AJG,Arthur J. Gallagher & Co,Financial,Insurance Brokers,USA,306.39,67.63
AKAM,Akamai Technologies Inc,Technology,Software - Infrastructure,USA,94.64,14.5
ALAB,Astera Labs Inc,Technology,Semiconductors,USA,107.31,16.72
ALB,Albemarle Corp,Basic Materials,Specialty Chemicals,USA,109.98,12.86
ALGN,"Align Technology, Inc",Healthcare,Medical Instruments & Supplies,USA,240.52,17.77
ALL,Allstate Corp,Financial,Insurance - Property & Casualty,USA,202.03,53.58
ALLY,Ally Financial Inc,Financial,Credit Services,USA,38.98,12.09
ALNY,Alnylam Pharmaceuticals Inc,Healthcare,Biotechnology,USA,250.98,32.12
ALSN,Allison Transmission Holdings Inc,Consumer Cyclical,Auto Parts,USA,119.2,10.46
AMAT,Applied Materials Inc,Technology,Semiconductor Equipment & Materials,USA,174.55,143.19
AMD,Advanced Micro Devices Inc,Technology,Semiconductors,USA,141.13,230.46
AME,Ametek Inc,Industrials,Specialty Industrial Machinery,USA,197.12,45.97
AMGN,AMGEN Inc,Healthcare,Drug Manufacturers - General,USA,294,160.56
AMH,American Homes 4 Rent,Real Estate,REIT - Residential,USA,38.05,14.07
AMP,Ameriprise Financial Inc,Financial,Asset Management,USA,570.21,55.5
AMT,American Tower Corp,Real Estate,REIT - Specialty,USA,207.55,97.7
AMZN,Amazon.com Inc,Consumer Cyclical,Internet Retail,USA,201.45,2104.79
ANET,Arista Networks Inc,Technology,Computer Hardware,USA,399.72,126.36
ANSS,Ansys Inc,Technology,Software - Application,USA,352.14,30.89
AOS,A.O. Smith Corp,Industrials,Specialty Industrial Machinery,USA,75.43,11.07
APD,Air Products & Chemicals Inc,Basic Materials,Specialty Chemicals,USA,333.97,74.93
APG,APi Group Corporation,Industrials,Engineering & Construction,USA,38.25,10.67
APH,Amphenol Corp,Technology,Electronic Components,USA,73.29,89.63
APO,Apollo Global Management Inc,Financial,Asset Management,USA,174.7,100.37
APP,Applovin Corp,Technology,Software - Application,USA,319.59,112.33
AR,Antero Resources Corp,Energy,Oil & Gas E&P,USA,33.23,10.25
ARCC,Ares Capital Corp,Financial,Asset Management,USA,22,14.21
ARE,Alexandria Real Estate Equities Inc,Real Estate,REIT - Office,USA,112.04,20.03
ARES,Ares Management Corp,Financial,Asset Management,USA,176.03,55.27
ARMK,Aramark,Industrials,Specialty Business Services,USA,41.86,11.17
ATO,Atmos Energy Corp,Utilities,Utilities - Regulated Gas,USA,150.18,23.31
ATR,Aptargroup Inc,Healthcare,Medical Instruments & Supplies,USA,172.5,11.59
AUR,Aurora Innovation Inc,Technology,Information Technology Services,USA,6.45,12.11
AVB,Avalonbay Communities Inc,Real Estate,REIT - Residential,USA,232.9,33.32
AVGO,Broadcom Inc,Technology,Semiconductors,USA,164.82,771.17
AVTR,Avantor Inc,Healthcare,Medical Instruments & Supplies,USA,21.1,14.66
AVY,Avery Dennison Corp,Consumer Cyclical,Packaging & Containers,USA,207.94,16.96
AWK,American Water Works Co. Inc,Utilities,Utilities - Regulated Water,USA,136.74,26.37
AXON,Axon Enterprise Inc,Industrials,Aerospace & Defense,USA,619,47.63
AXP,American Express Co,Financial,Credit Services,USA,305.21,221.09
AYI,"Acuity Brands, Inc",Industrials,Electrical Equipment & Parts,USA,329.79,10.36
AZO,Autozone Inc,Consumer Cyclical,Specialty Retail,USA,3109.56,53.09
AZPN,Aspen Technology Inc,Technology,Software - Application,USA,250.94,16.02
BA,Boeing Co,Industrials,Aerospace & Defense,USA,153.1,119.15
BAC,Bank Of America Corp,Financial,Banks - Diversified,USA,47.5,368.7
BAH,Booz Allen Hamilton Holding Corp,Industrials,Consulting Services,USA,147.46,18.76
BALL,Ball Corp,Consumer Cyclical,Packaging & Containers,USA,62.46,18.96
BAX,Baxter International Inc,Healthcare,Medical Instruments & Supplies,USA,33.42,17.18
BBY,Best Buy Co. Inc,Consumer Cyclical,Specialty Retail,USA,93.03,20.68
BDX,Becton Dickinson & Co,Healthcare,Medical Instruments & Supplies,USA,225.48,64.75
BEN,"Franklin Resources, Inc",Financial,Asset Management,USA,22.72,12.03
BEPC,Brookfield Renewable Corporation,Utilities,Utilities - Renewable,USA,32.07,11.59
BF-A,Brown-Forman Corp,Consumer Defensive,Beverages - Wineries & Distilleries,USA,41.91,20.35
BF-B,Brown-Forman Corp,Consumer Defensive,Beverages - Wineries & Distilleries,USA,42.57,20.4
BG,Bunge Global SA,Consumer Defensive,Farm Products,USA,88.44,12.25
BIIB,Biogen Inc,Healthcare,Drug Manufacturers - General,USA,158.71,23.11
BJ,BJ's Wholesale Club Holdings Inc,Consumer Defensive,Discount Stores,USA,98.4,13.6
BK,Bank Of New York Mellon Corp,Financial,Banks - Diversified,USA,81.22,60
BKNG,Booking Holdings Inc,Consumer Cyclical,Travel Services,USA,5108.83,167.99
BKR,Baker Hughes Co,Energy,Oil & Gas Equipment & Services,USA,43.55,42.49
BLD,TopBuild Corp,Industrials,Engineering & Construction,USA,406.65,12.39
BLDR,Builders Firstsource Inc,Industrials,Building Products & Equipment,USA,189.03,22.08
BLK,Blackrock Inc,Financial,Asset Management,USA,1031.49,161.07
BMRN,Biomarin Pharmaceutical Inc,Healthcare,Biotechnology,USA,65.09,12.56
BMY,Bristol-Myers Squibb Co,Healthcare,Drug Manufacturers - General,USA,58.78,120.53
BR,"Broadridge Financial Solutions, Inc",Technology,Information Technology Services,USA,233.23,27.59
BRBR,Bellring Brands Inc,Consumer Defensive,Packaged Foods,USA,77.02,10.19
BRK-A,Berkshire Hathaway Inc,Financial,Insurance - Diversified,USA,716399,1040.65
BRK-B,Berkshire Hathaway Inc,Financial,Insurance - Diversified,USA,477.43,1039.05
BRO,"Brown & Brown, Inc",Financial,Insurance Brokers,USA,111.74,32.33
BSX,Boston Scientific Corp,Healthcare,Medical Devices,USA,89.25,129.38
BSY,Bentley Systems Inc,Technology,Software - Application,USA,49.62,15.23
BURL,Burlington Stores Inc,Consumer Cyclical,Apparel Retail,USA,291.66,19.47
BWXT,BWX Technologies Inc,Industrials,Aerospace & Defense,USA,130.39,11.89
BX,Blackstone Inc,Financial,Asset Management,USA,193.12,240.32
BXP,BXP Inc,Real Estate,REIT - Office,USA,82.12,27.23
C,Citigroup Inc,Financial,Banks - Diversified,USA,70.75,135.53
CACI,Caci International Inc,Technology,Information Technology Services,USA,464.35,10.26
CAG,Conagra Brands Inc,Consumer Defensive,Packaged Foods,USA,27.45,13.22
CAH,"Cardinal Health, Inc",Healthcare,Medical Distribution,USA,121.77,29.09
CARR,Carrier Global Corp,Industrials,Building Products & Equipment,USA,78.87,71.69
CART,Maplebear Inc,Consumer Cyclical,Internet Retail,USA,43.61,11.2
CASY,"Casey's General Stores, Inc",Consumer Cyclical,Specialty Retail,USA,426.69,16.27
CAT,Caterpillar Inc,Industrials,Farm & Heavy Construction Machinery,USA,405.65,199.82
CAVA,Cava Group Inc,Consumer Cyclical,Restaurants,USA,142.54,16.35
CBOE,Cboe Global Markets Inc,Financial,Financial Data & Stock Exchanges,USA,214.13,22.66
CBRE,CBRE Group Inc,Real Estate,Real Estate Services,USA,138.69,43.66
CCI,Crown Castle Inc,Real Estate,REIT - Specialty,USA,106.08,46.52
CCK,"Crown Holdings, Inc",Consumer Cyclical,Packaging & Containers,USA,92.62,11.3
CCL,Carnival Corp,Consumer Cyclical,Travel Services,USA,25.19,31
CDNS,"Cadence Design Systems, Inc",Technology,Software - Application,USA,312.39,87.18
CDW,CDW Corp,Technology,Information Technology Services,USA,181.34,24.27
CEG,Constellation Energy Corporation,Utilities,Utilities - Renewable,USA,248.93,77.25
CF,CF Industries Holdings Inc,Basic Materials,Agricultural Inputs,USA,87.39,15.06
CFG,Citizens Financial Group Inc,Financial,Banks - Regional,USA,48.46,21.76
CFLT,Confluent Inc,Technology,Software - Infrastructure,USA,32.23,10.89
CG,Carlyle Group Inc,Financial,Asset Management,USA,54.39,19.77
CHD,"Church & Dwight Co., Inc",Consumer Defensive,Household & Personal Products,USA,110.41,26.97
CHDN,"Churchill Downs, Inc",Consumer Cyclical,Gambling,USA,141.83,10.39
CHRW,"C.H. Robinson Worldwide, Inc",Industrials,Integrated Freight & Logistics,USA,107.54,12.6
CHTR,Charter Communications Inc,Communication Services,Telecom Services,USA,384.47,110.6
CHWY,Chewy Inc,Consumer Cyclical,Internet Retail,USA,34.62,13.74
CI,Cigna Group,Healthcare,Healthcare Plans,USA,333.01,92.17
CIEN,CIENA Corp,Technology,Communication Equipment,USA,70.18,10.43
CINF,Cincinnati Financial Corp,Financial,Insurance - Property & Casualty,USA,159.42,25.18
CL,Colgate-Palmolive Co,Consumer Defensive,Household & Personal Products,USA,95.34,78.45
CLH,"Clean Harbors, Inc",Industrials,Waste Management,USA,259,14.1
CLX,Clorox Co,Consumer Defensive,Household & Personal Products,USA,166.32,20.61
CMCSA,Comcast Corp,Communication Services,Telecom Services,USA,43.2,165.19
CME,CME Group Inc,Financial,Financial Data & Stock Exchanges,USA,229.37,83.56
CMG,Chipotle Mexican Grill,Consumer Cyclical,Restaurants,USA,62,87.34
CMI,Cummins Inc,Industrials,Specialty Industrial Machinery,USA,375.27,52
CMS,CMS Energy Corporation,Utilities,Utilities - Regulated Electric,USA,69.67,20.91
CNA,CNA Financial Corp,Financial,Insurance - Property & Casualty,USA,49.72,13.57
CNC,Centene Corp,Healthcare,Healthcare Plans,USA,61.43,31.02
CNP,Centerpoint Energy Inc,Utilities,Utilities - Regulated Electric,USA,32.48,21.3
COF,Capital One Financial Corp,Financial,Credit Services,USA,191.89,74.98
COHR,Coherent Corp,Technology,Scientific & Technical Instruments,USA,99.8,15.38
COIN,Coinbase Global Inc,Financial,Financial Data & Stock Exchanges,USA,312.22,80.66
COKE,Coca-Cola Consolidated Inc,Consumer Defensive,Beverages - Non-Alcoholic,USA,1299.6,11.51
COO,"Cooper Companies, Inc",Healthcare,Medical Instruments & Supplies,USA,102.4,20.58
COP,Conoco Phillips,Energy,Oil & Gas E&P,USA,106.1,137.06
COR,Cencora Inc,Healthcare,Medical Distribution,USA,244.23,47.99
COST,Costco Wholesale Corp,Consumer Defensive,Discount Stores,USA,960.89,429.47
CPAY,Corpay Inc,Technology,Software - Infrastructure,USA,381.54,26.91
CPB,The Campbell's Co,Consumer Defensive,Packaged Foods,USA,45.93,13.92
CPNG,Coupang Inc,Consumer Cyclical,Internet Retail,USA,25,45.57
CPRT,"Copart, Inc",Industrials,Specialty Business Services,USA,63.75,67.68
CPT,Camden Property Trust,Real Estate,REIT - Residential,USA,123.92,13.32
CQP,Cheniere Energy Partners LP,Energy,Oil & Gas Midstream,USA,54.32,26.63
CR,Crane Co,Industrials,Specialty Industrial Machinery,USA,184.8,10.65
CRBG,Corebridge Financial Inc,Financial,Asset Management,USA,31.86,18.29
CRH,CRH Plc,Basic Materials,Building Materials,USA,102.8,70.43
CRL,Charles River Laboratories International Inc,Healthcare,Diagnostics & Research,USA,201.3,10.38
CRM,Salesforce Inc,Technology,Software - Application,USA,339.11,330.21
CRS,Carpenter Technology Corp,Industrials,Metal Fabrication,USA,195.09,10.28
CRWD,Crowdstrike Holdings Inc,Technology,Software - Infrastructure,USA,363.68,92.82
CSCO,"Cisco Systems, Inc",Technology,Communication Equipment,USA,58.74,237.97
CSGP,"Costar Group, Inc",Real Estate,Real Estate Services,USA,80.28,34.11
CSL,Carlisle Companies Inc,Industrials,Building Products & Equipment,USA,469.68,21.68
CSX,CSX Corp,Industrials,Railroads,USA,36.62,71.5
CTAS,Cintas Corporation,Industrials,Specialty Business Services,USA,223.9,90.41
CTLT,Catalent Inc,Healthcare,Drug Manufacturers - Specialty & Generic,USA,61.29,11.37
CTRA,Coterra Energy Inc,Energy,Oil & Gas E&P,USA,26.99,20.01
CTSH,Cognizant Technology Solutions Corp,Technology,Information Technology Services,USA,80.63,40.32
CTVA,Corteva Inc,Basic Materials,Agricultural Inputs,USA,64.13,44.42
CUBE,CubeSmart,Real Estate,REIT - Industrial,USA,49.86,11.41
CVNA,Carvana Co,Consumer Cyclical,Auto & Truck Dealerships,USA,260.8,56.54
CVS,CVS Health Corp,Healthcare,Healthcare Plans,USA,60.08,76.81
CVX,Chevron Corp,Energy,Oil & Gas Integrated,USA,160.36,289.48
CW,Curtiss-Wright Corp,Industrials,Aerospace & Defense,USA,371.38,14.22
D,Dominion Energy Inc,Utilities,Utilities - Regulated Electric,USA,58.53,48.97
DAL,"Delta Air Lines, Inc",Industrials,Airlines,USA,64.49,41.61
DASH,DoorDash Inc,Communication Services,Internet Content & Information,USA,179.1,76.15
DAY,Dayforce Inc,Technology,Software - Application,USA,81.8,13.08
DD,DuPont de Nemours Inc,Basic Materials,Specialty Chemicals,USA,84.43,35.53
DDOG,Datadog Inc,Technology,Software - Application,USA,156.63,57.27
DE,Deere & Co,Industrials,Farm & Heavy Construction Machinery,USA,462.69,129.23
DECK,Deckers Outdoor Corp,Consumer Cyclical,Footwear & Accessories,USA,196.49,31.53
DELL,Dell Technologies Inc,Technology,Computer Hardware,USA,144.16,109.02
DFS,Discover Financial Services,Financial,Credit Services,USA,182.67,47.01
DG,Dollar General Corp,Consumer Defensive,Discount Stores,USA,76.59,17.07
DGX,"Quest Diagnostics, Inc",Healthcare,Diagnostics & Research,USA,162.44,18.1
DHI,D.R. Horton Inc,Consumer Cyclical,Residential Construction,USA,172.94,56.12
DHR,Danaher Corp,Healthcare,Diagnostics & Research,USA,237.68,172.25
DIS,Walt Disney Co,Communication Services,Entertainment,USA,116,211.77
DKNG,DraftKings Inc,Consumer Cyclical,Gambling,USA,43,37.47
DKS,"Dicks Sporting Goods, Inc",Consumer Cyclical,Specialty Retail,USA,215.23,18.26
DLR,Digital Realty Trust Inc,Real Estate,REIT - Specialty,USA,192.82,64.8
DLTR,Dollar Tree Inc,Consumer Defensive,Discount Stores,USA,69.78,15.15
DOC,Healthpeak Properties Inc,Real Estate,REIT - Healthcare Facilities,USA,21.98,15.62
DOCU,DocuSign Inc,Technology,Software - Application,USA,85.51,17.98
DOV,Dover Corp,Industrials,Specialty Industrial Machinery,USA,205.56,28.51
DOW,Dow Inc,Basic Materials,Chemicals,USA,45.87,32.58
DOX,Amdocs Ltd,Technology,Software - Infrastructure,USA,87.3,10.02
DPZ,Dominos Pizza Inc,Consumer Cyclical,Restaurants,USA,469.18,16.48
DRI,"Darden Restaurants, Inc",Consumer Cyclical,Restaurants,USA,175.22,20.98
DT,Dynatrace Inc,Technology,Software - Application,USA,55.36,17.47
DTE,DTE Energy Co,Utilities,Utilities - Regulated Electric,USA,125.18,26.05
DTM,DT Midstream Inc,Energy,Oil & Gas Midstream,USA,105.73,10.67
DUK,Duke Energy Corp,Utilities,Utilities - Regulated Electric,USA,115,88.71
DUOL,Duolingo Inc,Technology,Software - Application,USA,348,15.77
DVA,DaVita Inc,Healthcare,Medical Care Facilities,USA,166.99,13.81
DVN,Devon Energy Corp,Energy,Oil & Gas E&P,USA,38.27,25.63
DXCM,Dexcom Inc,Healthcare,Medical Devices,USA,77.83,29.73
EA,"Electronic Arts, Inc",Communication Services,Electronic Gaming & Multimedia,USA,164.14,42.72
EBAY,EBay Inc,Consumer Cyclical,Internet Retail,USA,64.99,32.06
ECL,"Ecolab, Inc",Basic Materials,Specialty Chemicals,USA,246.92,70.46
ED,"Consolidated Edison, Inc",Utilities,Utilities - Regulated Electric,USA,99.47,34.34
EDR,Endeavor Group Holdings Inc,Communication Services,Entertainment,USA,29.96,20.66
EFX,"Equifax, Inc",Industrials,Consulting Services,USA,263.89,32.8
EHC,Encompass Health Corp,Healthcare,Medical Care Facilities,USA,102,10.45
EIX,Edison International,Utilities,Utilities - Regulated Electric,USA,87.61,33.68
EL,"Estee Lauder Cos., Inc",Consumer Defensive,Household & Personal Products,USA,72.97,27.41
ELS,Equity Lifestyle Properties Inc,Real Estate,REIT - Residential,USA,71.11,14.25
ELV,Elevance Health Inc,Healthcare,Healthcare Plans,USA,407.6,94.29
EME,"Emcor Group, Inc",Industrials,Engineering & Construction,USA,510.99,22.52
EMN,Eastman Chemical Co,Basic Materials,Specialty Chemicals,USA,105.84,12.5
EMR,Emerson Electric Co,Industrials,Specialty Industrial Machinery,USA,132.75,76.76
ENPH,Enphase Energy Inc,Technology,Solar,USA,71.91,10.13
ENTG,Entegris Inc,Technology,Semiconductor Equipment & Materials,USA,108.02,16.62
EOG,"EOG Resources, Inc",Energy,Oil & Gas E&P,USA,131.98,74.7
EPAM,EPAM Systems Inc,Technology,Information Technology Services,USA,249.16,14.14
EPD,Enterprise Products Partners L P,Energy,Oil & Gas Midstream,USA,32.34,71.12
EQH,Equitable Holdings Inc,Financial,Insurance - Diversified,USA,49.01,15.63
EQIX,Equinix Inc,Real Estate,REIT - Specialty,USA,974.35,95.31
EQR,Equity Residential Properties Trust,Real Estate,REIT - Residential,USA,76.41,30.17
EQT,EQT Corp,Energy,Oil & Gas E&P,USA,45.99,26.87
ERIE,Erie Indemnity Co,Financial,Insurance Brokers,USA,431.3,20.25
ES,Eversource Energy,Utilities,Utilities - Regulated Electric,USA,63.98,23.68
ESS,"Essex Property Trust, Inc",Real Estate,REIT - Residential,USA,309.6,20.7
ESTC,Elastic N.V,Technology,Software - Application,USA,111.48,13.15
ET,Energy Transfer LP,Energy,Oil & Gas Midstream,USA,18.97,65.29
ETR,Entergy Corp,Utilities,Utilities - Regulated Electric,USA,152.5,32.59
EVR,Evercore Inc,Financial,Capital Markets,USA,313.75,12.01
EVRG,Evergy Inc,Utilities,Utilities - Regulated Electric,USA,64.49,14.76
EW,Edwards Lifesciences Corp,Healthcare,Medical Devices,USA,71.27,42.09
EWBC,"East West Bancorp, Inc",Financial,Banks - Regional,USA,111.23,15.89
EXAS,Exact Sciences Corp,Healthcare,Diagnostics & Research,USA,55.14,10.17
EXC,Exelon Corp,Utilities,Utilities - Regulated Electric,USA,39.13,38.72
EXE,Expand Energy Corp,Energy,Oil & Gas E&P,USA,98.87,22.5
EXEL,Exelixis Inc,Healthcare,Biotechnology,USA,36.38,10.62
EXP,Eagle Materials Inc,Basic Materials,Building Materials,USA,315.29,10.76
EXPD,"Expeditors International Of Washington, Inc",Industrials,Integrated Freight & Logistics,USA,122.39,17.22
EXPE,Expedia Group Inc,Consumer Cyclical,Travel Services,USA,184.08,23.81
EXR,Extra Space Storage Inc,Real Estate,REIT - Industrial,USA,170.41,37.87
F,Ford Motor Co,Consumer Cyclical,Auto Manufacturers,USA,11.4,46.9
FANG,Diamondback Energy Inc,Energy,Oil & Gas E&P,USA,179.55,53.17
FAST,Fastenal Co,Industrials,Industrial Distribution,USA,83.75,48.4
FBIN,Fortune Brands Innovations Inc,Industrials,Building Products & Equipment,USA,80.96,10.16
FCNCA,"First Citizens Bancshares, Inc (NC)",Financial,Banks - Regional,USA,2341.02,32.76
FCX,Freeport-McMoRan Inc,Basic Materials,Copper,USA,44.38,63.71
FDS,Factset Research Systems Inc,Financial,Financial Data & Stock Exchanges,USA,491.05,18.73
FDX,Fedex Corp,Industrials,Integrated Freight & Logistics,USA,305.15,75.77
FE,Firstenergy Corp,Utilities,Utilities - Regulated Electric,USA,42.05,24
FERG,Ferguson Enterprises Inc,Industrials,Industrial Distribution,USA,216.01,43.88
FFIV,F5 Inc,Technology,Software - Infrastructure,USA,248.74,14.74
FHN,First Horizon Corporation,Financial,Banks - Regional,USA,21.42,11.78
FI,"Fiserv, Inc",Technology,Information Technology Services,USA,221.76,128.57
FICO,Fair Isaac Corp,Technology,Software - Application,USA,2360.22,57.9
FIS,"Fidelity National Information Services, Inc",Technology,Information Technology Services,USA,84.41,45.75
FITB,Fifth Third Bancorp,Financial,Banks - Regional,USA,48.44,33.02
FIX,"Comfort Systems USA, Inc",Industrials,Engineering & Construction,USA,495.08,17.66
FLEX,Flex Ltd,Technology,Electronic Components,USA,41.07,16.23
FLUT,Flutter Entertainment Plc,Consumer Cyclical,Gambling,USA,278.35,51.2
FND,Floor & Decor Holdings Inc,Consumer Cyclical,Home Improvement Retail,USA,119.22,13.38
FNF,Fidelity National Financial Inc,Financial,Insurance - Specialty,USA,63.83,17.83
FOUR,Shift4 Payments Inc,Technology,Software - Infrastructure,USA,111.34,10.08
FOX,Fox Corporation,Communication Services,Entertainment,USA,43.71,20.62
FOXA,Fox Corporation,Communication Services,Entertainment,USA,46.08,20.56
FSLR,First Solar Inc,Technology,Solar,USA,192.82,21.11
FTAI,FTAI Aviation Ltd,Industrials,Rental & Leasing Services,USA,168.26,17.13
FTI,TechnipFMC plc,Energy,Oil & Gas Equipment & Services,USA,30.64,13.39
FTNT,Fortinet Inc,Technology,Software - Infrastructure,USA,93.12,70.42
FTV,Fortive Corp,Technology,Scientific & Technical Instruments,USA,79.68,28.17
FWONA,Liberty Media Corp,Communication Services,Entertainment,USA,80.74,28.03
FWONK,Liberty Media Corp,Communication Services,Entertainment,USA,87.89,28.01
GAP,"Gap, Inc",Consumer Cyclical,Apparel Retail,USA,24.83,10.54
GD,General Dynamics Corp,Industrials,Aerospace & Defense,USA,281.35,77.88
GDDY,Godaddy Inc,Technology,Software - Infrastructure,USA,197.43,28.2
GE,GE Aerospace,Industrials,Aerospace & Defense,USA,180.21,197.71
GEHC,GE HealthCare Technologies Inc,Healthcare,Medical Devices,USA,82.66,37.97
GEN,Gen Digital Inc,Technology,Software - Infrastructure,USA,30.62,19.11
GEV,GE Vernova Inc,Utilities,Utilities - Renewable,USA,328.98,93.17
GFS,GlobalFoundries Inc,Technology,Semiconductors,USA,44.95,25.45
GGG,Graco Inc,Industrials,Specialty Industrial Machinery,USA,92.29,15.84
GILD,"Gilead Sciences, Inc",Healthcare,Drug Manufacturers - General,USA,90.49,113.31
GIS,"General Mills, Inc",Consumer Defensive,Packaged Foods,USA,65.53,36.88
GLPI,Gaming and Leisure Properties Inc,Real Estate,REIT - Specialty,USA,51.28,14.15
GLW,"Corning, Inc",Technology,Electronic Components,USA,48.26,41.91
GM,General Motors Company,Consumer Cyclical,Auto Manufacturers,USA,60.2,69.58
GME,Gamestop Corporation,Consumer Cyclical,Specialty Retail,USA,29.67,12.69
GMED,Globus Medical Inc,Healthcare,Medical Devices,USA,84.49,11.48
GNRC,Generac Holdings Inc,Industrials,Specialty Industrial Machinery,USA,191.68,11.75
GOOG,Alphabet Inc,Communication Services,Internet Content & Information,USA,169.43,2029.12
GOOGL,Alphabet Inc,Communication Services,Internet Content & Information,USA,167.65,2027.09
GPC,Genuine Parts Co,Consumer Cyclical,Auto Parts,USA,129.47,18.31
GPN,"Global Payments, Inc",Technology,Software - Infrastructure,USA,118.58,30.37
GS,"Goldman Sachs Group, Inc",Financial,Capital Markets,USA,603.03,191.42
GTLB,Gitlab Inc,Technology,Software - Infrastructure,USA,66.37,10.95
GWRE,Guidewire Software Inc,Technology,Software - Application,USA,203.11,17.21
GWW,W.W. Grainger Inc,Industrials,Industrial Distribution,USA,1215.76,59.81
H,Hyatt Hotels Corporation,Consumer Cyclical,Lodging,USA,160.31,15.42
HAL,Halliburton Co,Energy,Oil & Gas Equipment & Services,USA,31.99,28.17
HBAN,"Huntington Bancshares, Inc",Financial,Banks - Regional,USA,18.2,26.85
HCA,HCA Healthcare Inc,Healthcare,Medical Care Facilities,USA,325.62,80.66
HD,"Home Depot, Inc",Consumer Cyclical,Home Improvement Retail,USA,428.67,435.73
HEI,Heico Corp,Industrials,Aerospace & Defense,USA,276.37,33.24
HEI-A,Heico Corp,Industrials,Aerospace & Defense,USA,214.48,33.21
HES,Hess Corporation,Energy,Oil & Gas E&P,USA,145.38,45
HIG,Hartford Financial Services Group Inc,Financial,Insurance - Property & Casualty,USA,121.52,35.55
HLI,Houlihan Lokey Inc,Financial,Capital Markets,USA,190.49,13.24
HLNE,Hamilton Lane Inc,Financial,Asset Management,USA,201.57,11.25
HLT,Hilton Worldwide Holdings Inc,Consumer Cyclical,Lodging,USA,253.63,62.12
HOLX,"Hologic, Inc",Healthcare,Medical Instruments & Supplies,USA,79.73,18.58
HON,Honeywell International Inc,Industrials,Conglomerates,USA,230.6,151.95
HOOD,Robinhood Markets Inc,Financial,Capital Markets,USA,37.85,34.95
HPE,Hewlett Packard Enterprise Co,Technology,Communication Equipment,USA,22.21,29.32
HPQ,HP Inc,Technology,Computer Hardware,USA,39.3,38.09
HRL,Hormel Foods Corp,Consumer Defensive,Packaged Foods,USA,31.43,17.33
HST,Host Hotels & Resorts Inc,Real Estate,REIT - Hotel & Motel,USA,18.42,13.14
HSY,Hershey Company,Consumer Defensive,Confectioners,USA,175.54,35.49
HUBB,Hubbell Inc,Industrials,Electrical Equipment & Parts,USA,463.86,25.13
HUBS,HubSpot Inc,Technology,Software - Application,USA,731.82,38.97
HUM,Humana Inc,Healthcare,Healthcare Plans,USA,304.18,36.92
HWM,Howmet Aerospace Inc,Industrials,Aerospace & Defense,USA,115.84,47.65
IBKR,Interactive Brokers Group Inc,Financial,Capital Markets,USA,190.98,80.66
IBM,International Business Machines Corp,Technology,Information Technology Services,USA,226.13,209.63
ICE,Intercontinental Exchange Inc,Financial,Financial Data & Stock Exchanges,USA,159.63,92.2
IDXX,"Idexx Laboratories, Inc",Healthcare,Diagnostics & Research,USA,428.59,34.99
IEX,Idex Corporation,Industrials,Specialty Industrial Machinery,USA,236.06,18.27
IFF,International Flavors & Fragrances Inc,Basic Materials,Specialty Chemicals,USA,90.89,23.51
ILMN,Illumina Inc,Healthcare,Diagnostics & Research,USA,143.82,23.33
INCY,Incyte Corp,Healthcare,Biotechnology,USA,73.52,14.43
INSM,Insmed Inc,Healthcare,Biotechnology,USA,74.09,13.14
INTC,Intel Corp,Technology,Semiconductors,USA,24.87,107.53
INTU,Intuit Inc,Technology,Software - Application,USA,634.62,167.61
INVH,Invitation Homes Inc,Real Estate,REIT - Residential,USA,33.84,20.77
IOT,Samsara Inc,Technology,Software - Infrastructure,USA,55.5,31.71
IP,International Paper Co,Consumer Cyclical,Packaging & Containers,USA,59.57,20.74
IPG,"Interpublic Group Of Cos., Inc",Communication Services,Advertising Agencies,USA,30.68,11.6
IQV,IQVIA Holdings Inc,Healthcare,Diagnostics & Research,USA,204.02,37.82
IR,Ingersoll-Rand Inc,Industrials,Specialty Industrial Machinery,USA,105.35,42.85
IRM,Iron Mountain Inc,Real Estate,REIT - Specialty,USA,120.78,35.55
ISRG,Intuitive Surgical Inc,Healthcare,Medical Instruments & Supplies,USA,536.55,190.15
IT,"Gartner, Inc",Technology,Information Technology Services,USA,518.97,40.07
ITT,ITT Inc,Industrials,Specialty Industrial Machinery,USA,159.62,13.25
ITW,"Illinois Tool Works, Inc",Industrials,Specialty Industrial Machinery,USA,276.37,82.85
J,Jacobs Solutions Inc,Industrials,Engineering & Construction,USA,139.3,17.31
JBHT,"J.B. Hunt Transport Services, Inc",Industrials,Integrated Freight & Logistics,USA,188.35,19.08
JBL,Jabil Inc,Technology,Electronic Components,USA,134,15.18
JEF,Jefferies Financial Group Inc,Financial,Capital Markets,USA,79.48,16.72
JKHY,"Jack Henry & Associates, Inc",Technology,Information Technology Services,USA,172.39,12.58
JLL,Jones Lang Lasalle Inc,Real Estate,Real Estate Services,USA,283.67,13.68
JNJ,Johnson & Johnson,Healthcare,Drug Manufacturers - General,USA,155.78,374.26
JNPR,Juniper Networks Inc,Technology,Communication Equipment,USA,36.2,12.15
JPM,JPMorgan Chase & Co,Financial,Banks - Diversified,USA,250.29,715.56
K,Kellanova Co,Consumer Defensive,Packaged Foods,USA,81.11,28.01
KDP,Keurig Dr Pepper Inc,Consumer Defensive,Beverages - Non-Alcoholic,USA,32.85,45.14
KEY,Keycorp,Financial,Banks - Regional,USA,19.81,20.03
KEYS,Keysight Technologies Inc,Technology,Scientific & Technical Instruments,USA,171.68,29.77
KHC,Kraft Heinz Co,Consumer Defensive,Packaged Foods,USA,32.02,39.61
KIM,Kimco Realty Corporation,Real Estate,REIT - Retail,USA,25.54,17.26
KKR,KKR & Co. Inc,Financial,Asset Management,USA,158.94,142.03
KLAC,KLA Corp,Technology,Semiconductor Equipment & Materials,USA,644.67,87.1
KMB,Kimberly-Clark Corp,Consumer Defensive,Household & Personal Products,USA,139.14,46.87
KMI,Kinder Morgan Inc,Energy,Oil & Gas Midstream,USA,27.85,61.76
KMX,Carmax Inc,Consumer Cyclical,Auto & Truck Dealerships,USA,85.15,13.35
KNSL,Kinsale Capital Group Inc,Financial,Insurance - Property & Casualty,USA,506.32,12
KO,Coca-Cola Co,Consumer Defensive,Beverages - Non-Alcoholic,USA,64.38,278.03
KR,Kroger Co,Consumer Defensive,Grocery Stores,USA,60.09,43.95
KVUE,Kenvue Inc,Consumer Defensive,Household & Personal Products,USA,24.24,46.46
KVYO,Klaviyo Inc,Technology,Software - Infrastructure,USA,37.24,10.12
L,Loews Corp,Financial,Insurance - Property & Casualty,USA,85.83,18.89
LAD,"Lithia Motors, Inc",Consumer Cyclical,Auto & Truck Dealerships,USA,394.27,10.73
LAMR,Lamar Advertising Co,Real Estate,REIT - Specialty,USA,133.42,13.77
LBRDA,Liberty Broadband Corp,Communication Services,Telecom Services,USA,85.02,12.3
LBRDK,Liberty Broadband Corp,Communication Services,Telecom Services,USA,85.7,12.31
LDOS,Leidos Holdings Inc,Technology,Information Technology Services,USA,163.6,21.94
LECO,"Lincoln Electric Holdings, Inc",Industrials,Tools & Accessories,USA,219.94,12.71
LEN,Lennar Corp,Consumer Cyclical,Residential Construction,USA,178.66,48.48
LH,Labcorp Holdings Inc,Healthcare,Diagnostics & Research,USA,241.29,20.14
LHX,L3Harris Technologies Inc,Industrials,Aerospace & Defense,USA,240.6,45.92
LII,Lennox International Inc,Industrials,Building Products & Equipment,USA,678.43,24.43
LINE,Lineage Inc,Real Estate,REIT - Industrial,USA,65.62,14.99
LKQ,LKQ Corp,Consumer Cyclical,Auto Parts,USA,39.76,10.51
LLY,Lilly(Eli) & Co,Healthcare,Drug Manufacturers - General,USA,755,714.91
LLYVA,Liberty Media Corp,Communication Services,Entertainment,USA,71.27,27.55
LLYVK,Liberty Media Corp,Communication Services,Entertainment,USA,72.29,27.51
LMT,Lockheed Martin Corp,Industrials,Aerospace & Defense,USA,521.89,123.75
LNG,Cheniere Energy Inc,Energy,Oil & Gas Midstream,USA,218.22,48.44
LNT,Alliant Energy Corp,Utilities,Utilities - Regulated Electric,USA,63.63,16.36
LOW,"Lowe's Cos., Inc",Consumer Cyclical,Home Improvement Retail,USA,275.32,155.87
LPLA,LPL Financial Holdings Inc,Financial,Capital Markets,USA,325.12,24.62
LRCX,Lam Research Corp,Technology,Semiconductor Equipment & Materials,USA,73.71,94.21
LUV,Southwest Airlines Co,Industrials,Airlines,USA,32.43,19.56
LVS,Las Vegas Sands Corp,Consumer Cyclical,Resorts & Casinos,USA,51.4,37.27
LW,Lamb Weston Holdings Inc,Consumer Defensive,Packaged Foods,USA,76.78,10.97
LYV,Live Nation Entertainment Inc,Communication Services,Entertainment,USA,140.54,32.81
MA,Mastercard Incorporated,Financial,Credit Services,USA,526.6,488.73
MAA,"Mid-America Apartment Communities, Inc",Real Estate,REIT - Residential,USA,161.98,19.73
MANH,"Manhattan Associates, Inc",Technology,Software - Application,USA,290.74,18.31
MAR,"Marriott International, Inc",Consumer Cyclical,Lodging,USA,288,80.27
MAS,Masco Corp,Industrials,Building Products & Equipment,USA,82.17,17.88
MCD,McDonald's Corp,Consumer Cyclical,Restaurants,USA,296.19,213.59
MCHP,"Microchip Technology, Inc",Technology,Semiconductors,USA,69.85,37.61
MCK,Mckesson Corporation,Healthcare,Medical Distribution,USA,616.73,77.65
MCO,Moody's Corp,Financial,Financial Data & Stock Exchanges,USA,494.03,90.03
MDB,MongoDB Inc,Technology,Software - Infrastructure,USA,341.36,26.58
MDLZ,Mondelez International Inc,Consumer Defensive,Confectioners,USA,64.94,86.31
MEDP,Medpace Holdings Inc,Healthcare,Diagnostics & Research,USA,337.82,10.37
MELI,MercadoLibre Inc,Consumer Cyclical,Internet Retail,USA,2099.95,108.46
MET,Metlife Inc,Financial,Insurance - Life,USA,87.34,61.47
META,Meta Platforms Inc,Communication Services,Internet Content & Information,USA,565.11,1416.33
MGM,MGM Resorts International,Consumer Cyclical,Resorts & Casinos,USA,38.31,11.34
MKC,"McCormick & Co., Inc",Consumer Defensive,Packaged Foods,USA,77.28,20.64
MKL,Markel Group Inc,Financial,Insurance - Property & Casualty,USA,1761.62,23.07
MLM,"Martin Marietta Materials, Inc",Basic Materials,Building Materials,USA,604,37.37
MMC,"Marsh & McLennan Cos., Inc",Financial,Insurance Brokers,USA,230.71,115.02
MMM,3M Co,Industrials,Conglomerates,USA,130.32,71.58
MNST,Monster Beverage Corp,Consumer Defensive,Beverages - Non-Alcoholic,USA,54.98,53.55
MO,Altria Group Inc,Consumer Defensive,Tobacco,USA,56.75,97.38
MOH,Molina Healthcare Inc,Healthcare,Healthcare Plans,USA,297.97,16.74
MORN,Morningstar Inc,Financial,Financial Data & Stock Exchanges,USA,352.76,15.4
MPC,Marathon Petroleum Corp,Energy,Oil & Gas Refining & Marketing,USA,156.5,50.04
MPLX,MPLX LP,Energy,Oil & Gas Midstream,USA,49.09,51.29
MPWR,Monolithic Power System Inc,Technology,Semiconductors,USA,600.86,29.74
MRK,Merck & Co Inc,Healthcare,Drug Manufacturers - General,USA,101.16,254.16
MRNA,Moderna Inc,Healthcare,Biotechnology,USA,43.66,18.06
MRO,Marathon Oil Corporation,Energy,Oil & Gas E&P,USA,28.55,15.97
MRVL,Marvell Technology Inc,Technology,Semiconductors,USA,92.24,79.53
MS,Morgan Stanley,Financial,Capital Markets,USA,133.66,214.85
MSCI,MSCI Inc,Financial,Financial Data & Stock Exchanges,USA,592.73,47.11
MSFT,Microsoft Corporation,Technology,Software - Infrastructure,USA,418.79,3144.8
MSI,Motorola Solutions Inc,Technology,Communication Equipment,USA,488.37,82.62
MSTR,Microstrategy Inc,Technology,Software - Application,USA,403.45,96.26
MTB,M & T Bank Corp,Financial,Banks - Regional,USA,221.95,37.59
MTD,"Mettler-Toledo International, Inc",Healthcare,Diagnostics & Research,USA,1224.47,26.3
MTSI,MACOM Technology Solutions Holdings Inc,Technology,Semiconductors,USA,135.37,10.04
MTZ,Mastec Inc,Industrials,Engineering & Construction,USA,143.07,11.34
MU,Micron Technology Inc,Technology,Semiconductors,USA,104.48,115.71
MUSA,Murphy USA Inc,Consumer Cyclical,Specialty Retail,USA,551.3,11.46
NBIX,"Neurocrine Biosciences, Inc",Healthcare,Drug Manufacturers - Specialty & Generic,USA,127.11,12.94
NCLH,Norwegian Cruise Line Holdings Ltd,Consumer Cyclical,Travel Services,USA,27.15,11.98
NDAQ,Nasdaq Inc,Financial,Financial Data & Stock Exchanges,USA,81.52,46.96
NDSN,Nordson Corp,Industrials,Specialty Industrial Machinery,USA,263.62,15.35
NEE,NextEra Energy Inc,Utilities,Utilities - Regulated Electric,USA,76.64,154.83
NEM,Newmont Corp,Basic Materials,Gold,USA,42.46,48.41
NET,Cloudflare Inc,Technology,Software - Infrastructure,USA,103.73,35.6
NFLX,Netflix Inc,Communication Services,Entertainment,USA,865.59,370.13
NI,NiSource Inc,Utilities,Utilities - Regulated Gas,USA,37.95,17.65
NKE,"Nike, Inc",Consumer Cyclical,Footwear & Accessories,USA,79.26,121.6
NLY,Annaly Capital Management Inc,Real Estate,REIT - Mortgage,USA,19.89,11.17
NOC,Northrop Grumman Corp,Industrials,Aerospace & Defense,USA,485.27,70.77
NOW,ServiceNow Inc,Technology,Software - Application,USA,1052.71,219.66
NRG,NRG Energy Inc,Utilities,Utilities - Independent Power Producers,USA,91.87,18.34
NSC,Norfolk Southern Corp,Industrials,Railroads,USA,275.93,63.53
NTAP,Netapp Inc,Technology,Computer Hardware,USA,126.18,24.95
NTNX,Nutanix Inc,Technology,Software - Infrastructure,USA,72.8,20.12
NTRA,Natera Inc,Healthcare,Diagnostics & Research,USA,164.39,21.43
NTRS,Northern Trust Corp,Financial,Asset Management,USA,110.53,22.01
NUE,Nucor Corp,Basic Materials,Steel,USA,153.44,36.49
NVDA,NVIDIA Corp,Technology,Semiconductors,USA,136.02,3223.93
NVR,NVR Inc,Consumer Cyclical,Residential Construction,USA,9293.06,28.67
NWS,News Corp,Communication Services,Entertainment,USA,32.12,17.26
NWSA,News Corp,Communication Services,Entertainment,USA,29.46,17.21
O,Realty Income Corp,Real Estate,REIT - Retail,USA,57.45,50.33
OC,Owens Corning,Industrials,Building Products & Equipment,USA,210.81,18.56
ODFL,"Old Dominion Freight Line, Inc",Industrials,Trucking,USA,225.11,48.47
OHI,"Omega Healthcare Investors, Inc",Real Estate,REIT - Healthcare Facilities,USA,40.09,10.81
OKE,Oneok Inc,Energy,Oil & Gas Midstream,USA,111.52,65.32
OKTA,Okta Inc,Technology,Software - Infrastructure,USA,76.5,13.19
OMC,"Omnicom Group, Inc",Communication Services,Advertising Agencies,USA,104.6,20.49
ON,ON Semiconductor Corp,Technology,Semiconductors,USA,72.39,31.34
ORCL,Oracle Corp,Technology,Software - Infrastructure,USA,187.99,520.55
ORLY,"O'Reilly Automotive, Inc",Consumer Cyclical,Specialty Retail,USA,1238.76,72.86
OTIS,Otis Worldwide Corp,Industrials,Specialty Industrial Machinery,USA,102.46,41.44
OVV,Ovintiv Inc,Energy,Oil & Gas E&P,USA,45.75,11.94
OWL,Blue Owl Capital Inc,Financial,Asset Management,USA,24.39,36.76
OXY,Occidental Petroleum Corp,Energy,Oil & Gas E&P,USA,50.44,47.69
PAA,Plains All American Pipeline LP,Energy,Oil & Gas Midstream,USA,17.57,12.45
PAG,Penske Automotive Group Inc,Consumer Cyclical,Auto & Truck Dealerships,USA,170.38,11.6
PAGP,Plains GP Holdings LP,Energy,Oil & Gas Midstream,USA,18.87,14.63
PANW,Palo Alto Networks Inc,Technology,Software - Infrastructure,USA,386.38,122.2
PAYC,Paycom Software Inc,Technology,Software - Application,USA,234.63,13.3
PAYX,Paychex Inc,Technology,Software - Application,USA,145.26,52.41
PCAR,Paccar Inc,Industrials,Farm & Heavy Construction Machinery,USA,116.54,61.48
PCG,PG&E Corp,Utilities,Utilities - Regulated Electric,USA,21.19,45.59
PCOR,Procore Technologies Inc,Technology,Software - Application,USA,80.21,12.15
PCTY,Paylocity Holding Corp,Technology,Software - Application,USA,210.11,11.92
PCVX,Vaxcyte Inc,Healthcare,Biotechnology,USA,91.7,11.45
PEG,Public Service Enterprise Group Inc,Utilities,Utilities - Regulated Electric,USA,93.02,46.37
PEP,PepsiCo Inc,Consumer Defensive,Beverages - Non-Alcoholic,USA,163.05,226.02
PFE,Pfizer Inc,Healthcare,Drug Manufacturers - General,USA,26.17,151.37
PFG,Principal Financial Group Inc,Financial,Asset Management,USA,87.04,20.15
PFGC,Performance Food Group Company,Consumer Defensive,Food Distribution,USA,88.76,14.02
PG,Procter & Gamble Co,Consumer Defensive,Household & Personal Products,USA,177.39,426.3
PGR,Progressive Corp,Financial,Insurance - Property & Casualty,USA,265.88,157.3
PH,Parker-Hannifin Corp,Industrials,Specialty Industrial Machinery,USA,704.42,91.21
PHM,PulteGroup Inc,Consumer Cyclical,Residential Construction,USA,137.65,28.59
PINS,Pinterest Inc,Communication Services,Internet Content & Information,USA,30.51,21.12
PKG,Packaging Corp Of America,Consumer Cyclical,Packaging & Containers,USA,247.28,22.31
PLD,Prologis Inc,Real Estate,REIT - Industrial,USA,118.07,113.89
PLTR,Palantir Technologies Inc,Technology,Software - Infrastructure,USA,64.65,154.45
PM,Philip Morris International Inc,Consumer Defensive,Tobacco,USA,130.71,201.34
PNC,PNC Financial Services Group Inc,Financial,Banks - Regional,USA,212.47,86.07
PNFP,Pinnacle Financial Partners Inc,Financial,Banks - Regional,USA,129.87,10.34
PNW,Pinnacle West Capital Corp,Utilities,Utilities - Regulated Electric,USA,92.88,10.48
PODD,Insulet Corporation,Healthcare,Medical Devices,USA,266.58,18.77
POOL,Pool Corporation,Industrials,Industrial Distribution,USA,390.03,14.93
PPC,Pilgrim's Pride Corp,Consumer Defensive,Packaged Foods,USA,50.31,11.81
PPG,"PPG Industries, Inc",Basic Materials,Specialty Chemicals,USA,125.79,29.18
PPL,PPL Corp,Utilities,Utilities - Regulated Electric,USA,34.4,25.09
PR,Permian Resources Corp,Energy,Oil & Gas E&P,USA,15.68,12.77
PRI,Primerica Inc,Financial,Insurance - Life,USA,303.4,10.29
PRMB,Primo Brands Corp,Consumer Defensive,Beverages - Non-Alcoholic,USA,28.13,10.66
PRU,Prudential Financial Inc,Financial,Insurance - Life,USA,128.71,46.41
PSA,Public Storage,Real Estate,REIT - Industrial,USA,347.83,61.22
PSN,Parsons Corp,Technology,Information Technology Services,USA,96.73,10.24
PSTG,Pure Storage Inc,Technology,Computer Hardware,USA,53.74,17.64
PSX,Phillips 66,Energy,Oil & Gas Refining & Marketing,USA,133.28,55.82
PTC,PTC Inc,Technology,Software - Application,USA,200.59,24.71
PWR,"Quanta Services, Inc",Industrials,Engineering & Construction,USA,342.92,50.9
PYPL,PayPal Holdings Inc,Financial,Credit Services,USA,87.77,90.02
QCOM,"Qualcomm, Inc",Technology,Semiconductors,USA,158.82,177.96
RBA,RB Global Inc,Industrials,Specialty Business Services,USA,98.5,26.04
RBC,RBC Bearings Inc,Industrials,Tools & Accessories,USA,338.78,11.05
RBLX,Roblox Corporation,Communication Services,Electronic Gaming & Multimedia,USA,49.16,32.28
RCL,Royal Caribbean Group,Consumer Cyclical,Travel Services,USA,240.39,65.7
RDDT,Reddit Inc,Communication Services,Internet Content & Information,USA,141.9,23.13
REG,Regency Centers Corporation,Real Estate,REIT - Retail,USA,74.02,13.48
REGN,"Regeneron Pharmaceuticals, Inc",Healthcare,Biotechnology,USA,749.51,81.64
RF,Regions Financial Corp,Financial,Banks - Regional,USA,27.47,25.47
RGA,"Reinsurance Group Of America, Inc",Financial,Insurance - Reinsurance,USA,231.43,15.34
RIVN,Rivian Automotive Inc,Consumer Cyclical,Auto Manufacturers,USA,11.6,12.1
RJF,"Raymond James Financial, Inc",Financial,Asset Management,USA,167.05,34.25
RKLB,Rocket Lab USA Inc,Industrials,Aerospace & Defense,USA,24.06,12.48
RKT,Rocket Companies Inc,Financial,Mortgage Finance,USA,14.57,29.34
RL,Ralph Lauren Corp,Consumer Cyclical,Apparel Manufacturing,USA,220,14
RMD,Resmed Inc,Healthcare,Medical Instruments & Supplies,USA,249.56,36.66
ROK,Rockwell Automation Inc,Industrials,Specialty Industrial Machinery,USA,298.7,35.24
ROL,"Rollins, Inc",Consumer Cyclical,Personal Services,USA,51.23,25.31
ROP,Roper Technologies Inc,Technology,Software - Application,USA,557.94,60.46
ROST,"Ross Stores, Inc",Consumer Cyclical,Apparel Retail,USA,153.29,51.97
RPM,"RPM International, Inc",Basic Materials,Specialty Chemicals,USA,140.26,18.26
RPRX,Royalty Pharma plc,Healthcare,Biotechnology,USA,26.47,15.61
RRX,Regal Rexnord Corp,Industrials,Specialty Industrial Machinery,USA,182.22,12.32
RS,Reliance Inc,Basic Materials,Steel,USA,323.08,17.64
RSG,"Republic Services, Inc",Industrials,Waste Management,USA,217.86,69.09
RTX,RTX Corp,Industrials,Aerospace & Defense,USA,118.65,158.24
RVTY,Revvity Inc,Healthcare,Diagnostics & Research,USA,114.66,14.07
RYAN,Ryan Specialty Holdings Inc,Financial,Insurance - Specialty,USA,74.59,20.03
SAIA,Saia Inc,Industrials,Trucking,USA,557.27,14.62
SBAC,SBA Communications Corp,Real Estate,REIT - Specialty,USA,225.98,24.43
SBUX,Starbucks Corp,Consumer Cyclical,Restaurants,USA,101.84,118.28
SCCO,Southern Copper Corporation,Basic Materials,Copper,USA,102.01,79.88
SCHW,Charles Schwab Corp,Financial,Capital Markets,USA,81.77,150.54
SCI,Service Corp. International,Consumer Cyclical,Personal Services,USA,88.58,12.98
SEIC,SEI Investments Co,Financial,Asset Management,USA,81.57,10.6
SF,Stifel Financial Corp,Financial,Capital Markets,USA,117.72,12.18
SFM,Sprouts Farmers Market Inc,Consumer Defensive,Grocery Stores,USA,147.98,14.92
SHW,Sherwin-Williams Co,Basic Materials,Specialty Chemicals,USA,399.71,101.98
SJM,J.M. Smucker Co,Consumer Defensive,Packaged Foods,USA,113.62,12.03
SLB,Schlumberger Ltd,Energy,Oil & Gas Equipment & Services,USA,43.75,62.02
SMCI,Super Micro Computer Inc,Technology,Computer Hardware,USA,38.41,25.1
SMMT,Summit Therapeutics Inc,Healthcare,Biotechnology,USA,19.19,14.14
SN,SharkNinja Inc,Consumer Cyclical,"Furnishings, Fixtures & Appliances",USA,102.71,14.07
SNA,"Snap-on, Inc",Industrials,Tools & Accessories,USA,370.64,19.71
SNAP,Snap Inc,Communication Services,Internet Content & Information,USA,11.6,20.9
SNOW,Snowflake Inc,Technology,Software - Application,USA,171.42,56.15
SNPS,"Synopsys, Inc",Technology,Software - Infrastructure,USA,561.87,87.41
SNX,TD Synnex Corp,Technology,Electronics & Computer Distribution,USA,120.97,10.49
SO,Southern Company,Utilities,Utilities - Regulated Electric,USA,88.42,96.29
SOFI,SoFi Technologies Inc,Financial,Credit Services,USA,15.7,17.71
SOLV,Solventum Corp,Healthcare,Health Information Services,USA,71.61,12.58
SPG,"Simon Property Group, Inc",Real Estate,REIT - Retail,USA,180.11,67.38
SPGI,S&P Global Inc,Financial,Financial Data & Stock Exchanges,USA,520.51,162.49
SQ,Block Inc,Technology,Software - Infrastructure,USA,90.75,55.98
SRE,Sempra,Utilities,Utilities - Diversified,USA,94.77,59.76
SRPT,Sarepta Therapeutics Inc,Healthcare,Biotechnology,USA,114.65,11.32
SSNC,SS&C Technologies Holdings Inc,Technology,Software - Application,USA,76.87,19.28
STLD,Steel Dynamics Inc,Basic Materials,Steel,USA,144.98,21.86
STT,State Street Corp,Financial,Asset Management,USA,98.79,29.31
STX,Seagate Technology Holdings Plc,Technology,Computer Hardware,USA,101.36,21.38
STZ,Constellation Brands Inc,Consumer Defensive,Beverages - Brewers,USA,241.67,43.68
SUI,"Sun Communities, Inc",Real Estate,REIT - Residential,USA,128.88,16.28
SWK,Stanley Black & Decker Inc,Industrials,Tools & Accessories,USA,92.52,14.52
SWKS,"Skyworks Solutions, Inc",Technology,Semiconductors,USA,87.93,14.12
SYF,Synchrony Financial,Financial,Credit Services,USA,67.04,26.44
SYK,Stryker Corp,Healthcare,Medical Devices,USA,384.91,144.74
SYM,Symbotic Inc,Industrials,Specialty Industrial Machinery,USA,37.47,23.44
SYY,Sysco Corp,Consumer Defensive,Food Distribution,USA,76.88,38.12
T,"AT&T, Inc",Communication Services,Telecom Services,USA,23.1,167.19
TAP,Molson Coors Beverage Company,Consumer Defensive,Beverages - Brewers,USA,60.67,12.48
TDG,Transdigm Group Incorporated,Industrials,Aerospace & Defense,USA,1260.98,72.06
TDY,Teledyne Technologies Inc,Technology,Scientific & Technical Instruments,USA,477.61,22.42
TEAM,Atlassian Corporation,Technology,Software - Application,USA,261,70.01
TECH,Bio-Techne Corp,Healthcare,Biotechnology,USA,74.39,11.86
TEM,Tempus AI Inc,Healthcare,Health Information Services,USA,63.89,11.23
TER,"Teradyne, Inc",Technology,Semiconductor Equipment & Materials,USA,110.67,18.48
TFC,Truist Financial Corporation,Financial,Banks - Regional,USA,48.1,65.42
TGT,Target Corp,Consumer Defensive,Discount Stores,USA,130.53,61.82
THC,Tenet Healthcare Corp,Healthcare,Medical Care Facilities,USA,143.32,13.23
TJX,"TJX Companies, Inc",Consumer Cyclical,Apparel Retail,USA,124.79,142.75
TKO,TKO Group Holdings Inc,Communication Services,Entertainment,USA,136.79,23.17
TMO,Thermo Fisher Scientific Inc,Healthcare,Diagnostics & Research,USA,514.2,195.6
TMUS,T-Mobile US Inc,Communication Services,Telecom Services,USA,239.94,280.45
TOL,Toll Brothers Inc,Consumer Cyclical,Residential Construction,USA,167.8,17.52
TOST,Toast Inc,Technology,Software - Infrastructure,USA,43,24.64
TPG,TPG Inc,Financial,Asset Management,USA,71.29,26.38
TPL,Texas Pacific Land Corporation,Energy,Oil & Gas E&P,USA,1614,37.08
TPR,Tapestry Inc,Consumer Cyclical,Luxury Goods,USA,60.85,14.81
TPX,Tempur Sealy International Inc,Consumer Cyclical,"Furnishings, Fixtures & Appliances",USA,57.86,10.11
TRGP,Targa Resources Corp,Energy,Oil & Gas Midstream,USA,201.06,43.76
TRMB,Trimble Inc,Technology,Scientific & Technical Instruments,USA,72.95,18.04
TROW,T. Rowe Price Group Inc,Financial,Asset Management,USA,122.97,27.7
TRU,TransUnion,Financial,Financial Data & Stock Exchanges,USA,102.38,20.04
TRV,Travelers Companies Inc,Financial,Insurance - Property & Casualty,USA,261.22,59.68
TSCO,Tractor Supply Co,Consumer Cyclical,Specialty Retail,USA,285.99,31.46
TSLA,Tesla Inc,Consumer Cyclical,Auto Manufacturers,USA,338.59,1128.24
TSN,"Tyson Foods, Inc",Consumer Defensive,Farm Products,USA,63.78,22.25
TTD,Trade Desk Inc,Technology,Software - Application,USA,129.35,65.02
TTEK,"Tetra Tech, Inc",Industrials,Engineering & Construction,USA,41.22,11.08
TTWO,"Take-Two Interactive Software, Inc",Communication Services,Electronic Gaming & Multimedia,USA,187.62,33.23
TW,Tradeweb Markets Inc,Financial,Capital Markets,USA,135,32.11
TWLO,Twilio Inc,Technology,Software - Infrastructure,USA,105.41,16.53
TXN,Texas Instruments Inc,Technology,Semiconductors,USA,202.93,184.93
TXRH,Texas Roadhouse Inc,Consumer Cyclical,Restaurants,USA,202.12,13.65
TXT,Textron Inc,Industrials,Aerospace & Defense,USA,85.75,16.18
TYL,"Tyler Technologies, Inc",Technology,Software - Application,USA,624.19,27.25
U,Unity Software Inc,Technology,Software - Application,USA,24.02,10.14
UAL,United Airlines Holdings Inc,Industrials,Airlines,USA,96.83,32.13
UBER,Uber Technologies Inc,Technology,Software - Application,USA,73.42,158.75
UDR,UDR Inc,Real Estate,REIT - Residential,USA,45.57,15.13
UHAL,U-Haul Holding Company,Industrials,Rental & Leasing Services,USA,72.19,13.05
UHAL-B,U-Haul Holding Company,Industrials,Rental & Leasing Services,USA,63.5,12.9
UHS,"Universal Health Services, Inc",Healthcare,Medical Care Facilities,USA,199.21,11.72
UI,Ubiquiti Inc,Technology,Communication Equipment,USA,362.72,22.74
ULS,UL Solutions Inc,Industrials,Specialty Business Services,USA,55.3,11.26
ULTA,Ulta Beauty Inc,Consumer Cyclical,Specialty Retail,USA,362.65,17.07
UNH,Unitedhealth Group Inc,Healthcare,Healthcare Plans,USA,605.83,551.36
UNM,Unum Group,Financial,Insurance - Life,USA,76.21,13.99
UNP,Union Pacific Corp,Industrials,Railroads,USA,249.32,153.28
UPS,"United Parcel Service, Inc",Industrials,Integrated Freight & Logistics,USA,137.54,120.45
URI,"United Rentals, Inc",Industrials,Rental & Leasing Services,USA,864.39,57.3
USB,U.S. Bancorp,Financial,Banks - Regional,USA,53.63,85.46
USFD,US Foods Holding Corp,Consumer Defensive,Food Distribution,USA,69.89,16.64
UTHR,United Therapeutics Corp,Healthcare,Biotechnology,USA,368.66,16.71
UWMC,UWM Holdings Corporation,Financial,Mortgage Finance,USA,6.42,10.78
V,Visa Inc,Financial,Credit Services,USA,313.19,613.81
VEEV,Veeva Systems Inc,Healthcare,Health Information Services,USA,226.95,37.1
VICI,VICI Properties Inc,Real Estate,REIT - Diversified,USA,32.53,34.14
VLO,Valero Energy Corp,Energy,Oil & Gas Refining & Marketing,USA,139.82,44.2
VLTO,Veralto Corp,Industrials,Pollution & Treatment Controls,USA,108.48,26.93
VMC,Vulcan Materials Co,Basic Materials,Building Materials,USA,290.37,38.81
VNOM,Viper Energy Inc,Energy,Oil & Gas Midstream,USA,54.2,10.56
VRSK,Verisk Analytics Inc,Industrials,Consulting Services,USA,291.49,41.62
VRSN,Verisign Inc,Technology,Software - Infrastructure,USA,181.91,17.09
VRT,Vertiv Holdings Co,Industrials,Electrical Equipment & Parts,USA,132.03,49.09
VRTX,"Vertex Pharmaceuticals, Inc",Healthcare,Biotechnology,USA,461.71,119.06
VST,Vistra Corp,Utilities,Utilities - Independent Power Producers,USA,154.14,50.97
VTR,Ventas Inc,Real Estate,REIT - Healthcare Facilities,USA,63.2,26.92
VTRS,Viatris Inc,Healthcare,Drug Manufacturers - Specialty & Generic,USA,13.36,16.09
VZ,Verizon Communications Inc,Communication Services,Telecom Services,USA,43.98,187.97
WAB,Westinghouse Air Brake Technologies Corp,Industrials,Railroads,USA,199.28,34.45
WAL,Western Alliance Bancorp,Financial,Banks - Regional,USA,95.66,10.8
WAT,Waters Corp,Healthcare,Diagnostics & Research,USA,378.16,22.76
WBD,Warner Bros. Discovery Inc,Communication Services,Entertainment,USA,10.4,25.21
WBS,Webster Financial Corp,Financial,Banks - Regional,USA,62.82,10.99
WCC,"Wesco International, Inc",Industrials,Industrial Distribution,USA,213.19,10.57
WDAY,Workday Inc,Technology,Software - Application,USA,267.69,71.12
WDC,Western Digital Corp,Technology,Computer Hardware,USA,69.43,24.2
WEC,WEC Energy Group Inc,Utilities,Utilities - Regulated Electric,USA,101.35,31.97
WELL,Welltower Inc,Real Estate,REIT - Healthcare Facilities,USA,135.75,84.55
WES,Western Midstream Partners LP,Energy,Oil & Gas Midstream,USA,38.32,14.94
WFC,Wells Fargo & Co,Financial,Banks - Diversified,USA,76.9,259.9
WLK,Westlake Corporation,Basic Materials,Specialty Chemicals,USA,131.93,17.15
WM,"Waste Management, Inc",Industrials,Waste Management,USA,225.65,91.75
WMB,Williams Cos Inc,Energy,Oil & Gas Midstream,USA,58.19,70.83
WMG,Warner Music Group Corp,Communication Services,Entertainment,USA,32.05,16.96
WMS,Advanced Drainage Systems Inc,Industrials,Building Products & Equipment,USA,134.37,10.7
WMT,Walmart Inc,Consumer Defensive,Discount Stores,USA,89.5,736.11
WPC,W. P. Carey Inc,Real Estate,REIT - Diversified,USA,57.54,12.65
WRB,W.R. Berkley Corp,Financial,Insurance - Property & Casualty,USA,63.05,24.08
WSM,"Williams-Sonoma, Inc",Consumer Cyclical,Specialty Retail,USA,177.85,22.4
WSO,Watsco Inc,Industrials,Industrial Distribution,USA,568.78,23.33
WST,"West Pharmaceutical Services, Inc",Healthcare,Medical Instruments & Supplies,USA,319.79,22.85
WTRG,Essential Utilities Inc,Utilities,Utilities - Regulated Water,USA,40.11,11.06
WWD,Woodward Inc,Industrials,Aerospace & Defense,USA,179.29,10.91
WY,Weyerhaeuser Co,Real Estate,REIT - Specialty,USA,32.23,23.91
WYNN,Wynn Resorts Ltd,Consumer Cyclical,Resorts & Casinos,USA,93.45,10.21
XEL,"Xcel Energy, Inc",Utilities,Utilities - Regulated Electric,USA,71.6,41.1
XOM,Exxon Mobil Corp,Energy,Oil & Gas Integrated,USA,119.97,526.67
XPO,XPO Inc,Industrials,Trucking,USA,151.59,17.56
XYL,Xylem Inc,Industrials,Specialty Industrial Machinery,USA,128.94,31.7
YUM,Yum Brands Inc,Consumer Cyclical,Restaurants,USA,137.05,38.55
Z,Zillow Group Inc,Communication Services,Internet Content & Information,USA,84.34,19.92
ZBH,Zimmer Biomet Holdings Inc,Healthcare,Medical Devices,USA,110.96,22.46
ZBRA,Zebra Technologies Corp,Technology,Communication Equipment,USA,400.94,20.94
ZG,Zillow Group Inc,Communication Services,Internet Content & Information,USA,81.38,19.92
ZM,Zoom Video Communications Inc,Technology,Software - Application,USA,89.03,28.98
ZS,Zscaler Inc,Technology,Software - Infrastructure,USA,210.42,32.65
ZTS,Zoetis Inc,Healthcare,Drug Manufacturers - Specialty & Generic,USA,178.71,80.74
CELH,Celsius Energy Drink,Consumer Defensive,Beverages - Non-Alcoholic,USA,29.75,7.05
